player_id;Name;Logo
104925;Novak Djokovic;https://www.atptour.com/-/media/tennis/players/head-shot/2019/djokovic_head_ao19.png
106421;Daniil Medvedev;https://www.atptour.com/-/media/tennis/players/head-shot/2020/medvedev_head_ao20.png
126774;Stefanos Tsitsipas;https://www.atptour.com/-/media/tennis/players/head-shot/2020/tsitsipas_head_ao20.png
100644;Alexander Zverev;https://www.atptour.com/-/media/tennis/players/head-shot/2020/zverev_head_ao20.png
126094;Andrey Rublev;https://www.atptour.com/-/media/tennis/players/head-shot/2020/rublev_head_ao20.png
104745;Rafael Nadal;https://www.atptour.com/-/media/tennis/players/head-shot/2020/nadal_head_ao20.png
126610;Matteo Berrettini;https://www.atptour.com/-/media/tennis/players/head-shot/2020/berrettini_head_ao20.png
106233;Dominic Thiem;https://www.atptour.com/-/media/tennis/players/head-shot/2020/thiem_head_ao20.png
103819;Roger Federer;https://www.atptour.com/-/media/tennis/players/head-shot/2020/federer_head_ao20.png
134770;Casper Ruud;https://www.atptour.com/-/media/tennis/players/head-shot/2020/ruud_head_ao20.png
200000;Felix Auger Aliassime;https://www.atptour.com/-/media/tennis/players/head-shot/2021/02/14/22/09/auger_aliassime_head_ao21.jpg
133430;Denis Shapovalov;https://www.atptour.com/-/media/tennis/players/head-shot/2020/shapovalov_head_ao20.png
128034;Hubert Hurkacz;https://www.atptour.com/-/media/tennis/players/head-shot/2020/hurkacz_head_ao20.png
206173;Jannik Sinner;https://www.atptour.com/-/media/tennis/players/head-shot/2020/sinner_head_ao20.png
106043;Diego Sebastian Schwartzman;https://www.atptour.com/-/media/tennis/players/head-shot/2020/schwartzman_head_ao20.png
105807;Pablo Carreno Busta;https://www.atptour.com/-/media/tennis/players/head-shot/2020/carreno_busta_head_ao20.png
106426;Christian Garin;https://www.atptour.com/-/media/tennis/players/head-shot/2020/garin_head_ao20.png
105138;Roberto Bautista Agut;https://www.atptour.com/-/media/tennis/players/head-shot/2020/bautista_agut_head_ao20.png
124187;Reilly Opelka;https://www.atptour.com/-/media/tennis/players/head-shot/2020/opelka_head_ao20.png
104792;Gael Monfils;https://www.atptour.com/-/media/tennis/players/head-shot/2020/monfils_head_ao20.png
200282;Alex De Minaur;https://www.atptour.com/-/media/tennis/players/head-shot/2020/deminaur_head_ao20.png
104545;John Isner;https://www.atptour.com/-/media/tennis/players/head-shot/2020/isner_head_ao20.png
105554;Daniel Evans;https://www.atptour.com/-/media/tennis/players/head-shot/2020/evans_head_ao20.png
132283;Lorenzo Sonego;https://www.atptour.com/-/media/tennis/players/head-shot/2020/sonego_head_ao20.png
106234;Aslan Karatsev;https://www.atptour.com/-/media/tennis/players/head-shot/2020/karatsev_aslan_head_pp20.png
200005;Ugo Humbert;https://www.atptour.com/-/media/tennis/players/head-shot/2019/humbert_head_ao19.png
111575;Karen Khachanov;https://www.atptour.com/-/media/tennis/players/head-shot/2020/khachanov_head_ao20.png
111815;Cameron Norrie;https://www.atptour.com/-/media/tennis/players/head-shot/2020/norrie_head_ao20.png
105777;Grigor Dimitrov;https://www.atptour.com/-/media/tennis/players/head-shot/2020/dimitrov_head_ao20.png
105676;David Goffin;https://www.atptour.com/-/media/tennis/players/head-shot/2020/goffin_head_ao20.png
144750;Lloyd George Muirhead Harris;https://www.atptour.com/-/media/tennis/players/head-shot/2020/harris_head_ao20.png
104926;Fabio Fognini;https://www.atptour.com/-/media/tennis/players/head-shot/2020/fognini_head_ao20.png
105683;Milos Raonic;https://www.atptour.com/-/media/tennis/players/head-shot/2020/raonic_head_ao20.png
122330;Alexander Bublik;https://www.atptour.com/-/media/tennis/players/head-shot/2020/bublik_head_ao20.png
105932;Nikoloz Basilashvili;https://www.atptour.com/-/media/tennis/players/head-shot/2020/basilashvili_head_ao20.png
105583;Dusan Lajovic;https://www.atptour.com/-/media/tennis/players/head-shot/2020/lajovic_head_ao20.png
105936;Filip Krajinovic;https://www.atptour.com/-/media/tennis/players/head-shot/2020/krajinovic_head_ao20.png
207989;Carlos Alcaraz Garfia;https://www.atptour.com/-/media/tennis/players/head-shot/2021/05/06/13/59/alcaraz_head_may_2021.png
126203;Taylor Harry Fritz;https://www.atptour.com/-/media/tennis/players/head-shot/2020/fritz_head_ao20.png
105227;Marin Cilic;https://www.atptour.com/-/media/tennis/players/head-shot/2020/cilic_head_ao20.png
105916;Marton Fucsovics;https://www.atptour.com/-/media/tennis/players/head-shot/2020/fucsovics_head_ao20.png
200624;Sebastian Korda;https://www.atptour.com/-/media/tennis/players/head-shot/2021/08/22/18/00/korda_head_august_2021_final.png
105357;John Millman;https://www.atptour.com/-/media/tennis/players/head-shot/2020/millman_head_ao20.png
200221;Alejandro Davidovich Fokina;https://www.atptour.com/-/media/tennis/players/head-shot/2020/davidvich_fokina_head_ao20.png
105173;Adrian Mannarino;https://www.atptour.com/-/media/tennis/players/head-shot/2020/mannarino_head_ao20.png
105643;Federico Delbonis;https://www.atptour.com/-/media/tennis/players/head-shot/2020/delbonis_head_ao20.png
105077;Albert Ramos;https://www.atptour.com/-/media/tennis/players/head-shot/2019/ramos_vinolas_head_ao19.png
105332;Benoit Paire;https://www.atptour.com/-/media/tennis/players/head-shot/2018/paire_head_ao18.png
104527;Stanislas Wawrinka;https://www.atptour.com/-/media/tennis/players/head-shot/2020/wawrinka_head_ao20.png
111513;Laslo Djere;https://www.atptour.com/-/media/tennis/players/head-shot/2020/djere_head_ao20.png
106432;Borna Coric;https://www.atptour.com/-/media/tennis/players/head-shot/2020/coric_head_ao20.png
126207;Francis Tiafoe;https://www.atptour.com/-/media/tennis/players/head-shot/2020/tiafoe_head_ao20.png
125802;Ilya Ivashka;
105453;Kei Nishikori;https://www.atptour.com/-/media/tennis/players/head-shot/2019/nishikori_head_ao19.png
105526;Jan Lennard Struff;
126205;Tommy Paul;
207518;Lorenzo Musetti;
111456;Mackenzie Mcdonald;https://www.atptour.com/-/media/tennis/players/head-shot/2020/mcdonald_head_ao20.png
124079;Pedro Martinez Portero;
200175;Miomir Kecmanovic;
105948;Federico Coria;
122298;Botic Van De Zandschulp;
136440;Dominik Koepfer;
144719;Jaume Munar;
105577;Vasek Pospisil;https://www.atptour.com/-/media/tennis/players/head-shot/2021/02/13/02/54/pospisil_head_ao21.jpg
126149;Gianluca Mager;
105487;Facundo Bagnis;
104731;Kevin Anderson;https://www.atptour.com/-/media/tennis/players/head-shot/2020/anderson_head_ao20.png
106218;Marcos Giron;
106415;Yoshihito Nishioka;
200615;Alexei Popyrin;https://www.atptour.com/-/media/tennis/players/head-shot/2020/popyrin_head_ao20.png
104871;Jeremy Chardy;
144707;Mikael Ymer;
200325;Emil Ruusuvuori;
111442;Jordan Thompson;
126127;Benjamin Bonzi;
126239;Arthur Rinderknech;
105023;Sam Querrey;https://www.atptour.com/-/media/tennis/players/head-shot/2020/querrey_head_ao20.png
105379;Aljaz Bedene;
105902;James Duckworth;
202385;Jenson Brooksby;https://www.atptour.com/-/media/tennis/players/head-shot/2020/brooksby-2021-head.png
105550;Guido Pella;https://www.atptour.com/-/media/tennis/players/head-shot/2020/pella_head_ao20.png
126952;Soon Woo Kwon;
106065;Marco Cecchinato;
104755;Richard Gasquet;https://www.atptour.com/-/media/tennis/players/head-shot/2018/gasquet_head_ao18.png
206909;Brandon Nakashima;https://www.atptour.com/-/media/tennis/players/head-shot/2021/08/04/14/22/nakashima_head_2021_august.png
105449;Steve Johnson;
104312;Andreas Seppi;https://www.atptour.com/-/media/tennis/players/head-shot/2020/seppi_head_ao20.png
106210;Jiri Vesely;
106078;Egor Gerasimov;
106148;Roberto Carballes Baena;
106329;Thiago Monteiro;https://www.atptour.com/-/media/tennis/players/head-shot/2020/monteiro_head_ao20.png
144895;Corentin Moutet;
104665;Pablo Andujar;https://www.atptour.com/-/media/tennis/players/head-shot/2020/andujar_head_ao20.png
106401;Nick Kyrgios;https://www.atptour.com/-/media/tennis/players/head-shot/2020/kyrgios_head_ao20.png
106045;Denis Kudla;
104655;Pablo Cuevas;https://www.atptour.com/-/media/tennis/players/head-shot/2020/cuevas_head_ao20.png
105732;Pierre Hugues Herbert;
105882;Stefano Travaglia;
104468;Gilles Simon;https://www.atptour.com/-/media/tennis/players/head-shot/2020/simon_head_ao20.png
105376;Peter Gojowczyk;
126535;Carlos Taberner;
105815;Tennys Sandgren;
202103;Francisco Cerundolo;
105430;Radu Albot;
106378;Kyle Edmund;
105575;Ricardas Berankis;
207678;Juan Manuel Cerundolo;
104259;Philipp Kohlschreiber;https://www.atptour.com/-/media/tennis/players/head-shot/2020/kohlschreiber_head_ao20.png
123755;Daniel Elahi Galan Riveros;
103852;Feliciano Lopez;
106121;Taro Daniel;
104542;Jo Wilfried Tsonga;https://www.atptour.com/-/media/tennis/players/head-shot/2020/tsonga_head_ao20.png
127157;Daniel Altmaier;
105613;Norbert Gombos;https://www.atptour.com/-/media/tennis/players/head-shot/2020/gombos_head_ao20.png
104918;Andy Murray;https://www.atptour.com/-/media/tennis/players/head-shot/2021/08/29/15/47/murray_head_2021.png
144684;Alex Molcan;https://www.atptour.com/-/media/tennis/players/head-shot/2020/molcan-2021-headshot2.png
200384;Hugo Gaston;
105967;Henri Laaksonen;
101736;Andre Agassi;https://www.atptour.com/-/media/tennis/players/head-shot/compressed/agassi-headshot-getty.png
102856;Gustavo Kuerten;https://www.atptour.com/-/media/tennis/players/head-shot/compressed/kuerten-headshot-getty.png
103507;Juan Carlos Ferrero;https://www.atptour.com/-/media/tennis/players/head-shot/compressed/ferrero-headshot-getty.png
101948;Pete Sampras;https://www.atptour.com/-/media/tennis/players/head-shot/compressed/sampras-headshot-getty.png
104053;Andy Roddick;https://www.atptour.com/-/media/tennis/players/head-shot/compressed/roddick-headshot-getty.png
103720;Lleyton Hewitt;https://www.atptour.com/-/media/tennis/players/head-shot/hewitt-atpwt-headshot-template.png
103498;Marat Safin;https://www.atptour.com/-/media/tennis/players/head-shot/compressed/safin-headshot-getty.png
105223;Juan Martin Del Potro;https://www.atptour.com/-/media/tennis/players/head-shot/2019/delpotro_head_rome19.png
104607;Tomas Berdych;https://www.atptour.com/-/media/tennis/players/head-shot/2019/berdych_head_ao19.png
103602;Fernando Gonzalez;https://www.atptour.com/-/media/tennis/players/head-shot/compressed/fgonzalez-headshot-getty_tiny.png
103900;David Nalbandian;https://www.atptour.com/-/media/tennis/players/head-shot/lq/retired/nalbanian_d_headshot_lq.png
102610;Albert Costa;https://www.atptour.com/-/media/tennis/players/head-shot/compressed/acosta-headshot-getty-tiny.png
103292;Gaston Gaudio;https://www.atptour.com/-/media/tennis/players/head-shot/2015/05/26/13/45/gaudio_g_headshot_lq.png
103909;Guillermo Coria;https://www.atptour.com/-/media/tennis/players/head-shot/compressed/coria-headshot-getty-tiny.png
101964;Goran Ivanisevic;https://www.atptour.com/-/media/tennis/players/head-shot/lq/retired/ivanisevic_g_headshot_lq.png
103280;Martin Verkerk;http://www.tennis-forecast.com/es/sites/default/files/imagecache/portrait_player/photosplayer/martin-verkerk.jpg
102563;Thomas Johansson;https://www.atptour.com/-/media/tennis/players/head-shot/compressed/johansson-headshot-getty-tiny.png
103970;David Ferrer;https://www.atptour.com/-/media/tennis/players/head-shot/2018/ferrer_head_ao18.png
100022;Roy Emerson;https://www.onthisday.com/images/people/roy-emerson-medium.jpg
100437;Bjorn Borg;https://upload.wikimedia.org/wikipedia/commons/thumb/3/3e/Bj%C3%B6rn_Borg2.jpg/220px-Bj%C3%B6rn_Borg2.jpg
100029;Rod Laver;https://d2me2qg8dfiw8u.cloudfront.net/content/uploads/2020/04/09085201/Rod-Laver-Wimbledon-from-PA.jpg
112823;Bill Tilden Ii;https://upload.wikimedia.org/wikipedia/commons/thumb/e/e7/Bill_Tilden.jpg/220px-Bill_Tilden.jpg
112210;Fred Perry;https://upload.wikimedia.org/wikipedia/commons/thumb/7/7a/Fred_Perry_01.jpg/220px-Fred_Perry_01.jpg
100016;Ken Rosewall;https://upload.wikimedia.org/wikipedia/commons/thumb/1/12/Ken_Rosewall_portrait.jpg/200px-Ken_Rosewall_portrait.jpg
100284;Jimmy Connors;https://gov-civil-portalegre.pt/img/athlete/52/jimmy-connors-family.jpg
100656;Ivan Lendl;https://staticg.sportskeeda.com/editor/2018/10/1373e-15407556117028-800.jpg
105657;Marius Copil;https://www.atptour.com/-/media/tennis/players/head-shot/2019/copil_head_ao19.png
111797;Nicolas Jarry;https://www.atptour.com/-/media/tennis/players/head-shot/2019/jarry_head_ao19.png
102158;Patrick Rafter;https://www.atptour.com/-/media/tennis/players/head-shot/compressed/raftner-headshot-getty.png
102882;Mark Philippoussis;https://www.atptour.com/-/media/tennis/players/head-shot/compressed/philppousis-headshot-getty-tiny.png
103096;Arnaud Clement;https://www.atptour.com/-/media/tennis/players/head-shot/lq/retired/arnaud_clement_2016.png
102783;Rainer Schuettler;https://www.atptour.com/-/media/tennis/players/head-shot/lq/retired/schuettler_r_headshot_lq.png
104417;Robin Soderling;https://www.atptour.com/-/media/tennis/players/head-shot/compressed/soderling-headshot-getty-tiny.png
103264;Mariano Puerta;https://www.atptour.com/-/media/tennis/players/head-shot/lq/retired/puerta_m_headshot_lq.png
